nombre,apellido,fecha_nacimiento,identificacion,email
Uberney,Perez,07/06/1982,32534634,uber@gmail.com
Uberney,Perez,07/06/1982,32534634,uber@gmail.com
Uberney,Perez,07/06/1982,32534634,uber@gmail.com
Uberney,Perez,07/06/1982,32534634,uber@gmail.com
Uberney,Perez,07/06/1982,32534634,uber@gmail.com
Uberney,Perez,07/06/1982,32534634,uber@gmail.com
Uberney,Perez,07/06/1982,32534634,uber@gmail.com
Uberney,Perez,07/06/1982,32534634,uber@gmail.com
Uberney,Perez,07/06/1982,32534634,uber@gmail.com
Uberney,Perez,07/06/1982,32534634,uber@gmail.com
Uberney,Perez,07/06/1982,32534634,uber@gmail.com
